Timestamp,Weighted_Price
2015-09-01,227.1631
2015-09-02,228.6428
2015-09-03,226.5658
2015-09-04,230.0509
2015-09-06,239.1289
2015-09-07,240.503
2015-09-08,243.5587
2015-09-09,237.9452
2015-09-10,238.7763
2015-09-11,240.0007956
2015-09-13,230.5048
2015-09-14,230.21
2015-09-15,229.9118
2015-09-16,228.464
2015-09-17,232.746
2015-09-18,232.354
2015-09-20,230.6597
2015-09-21,226.4528
2015-09-22,229.8831
2015-09-23,229.8658
2015-09-24,233.9255
2015-09-25,234.9767
2015-09-27,232.8347
2015-09-28,239.2765
2015-09-29,237.2262
2015-09-30,236.0463
2015-10-01,237.7358
2015-10-02,237.2593
2015-10-04,238.6566
2015-10-05,240.3238
2015-10-06,246.444
2015-10-07,243.2229
2015-10-08,242.9008
2015-10-09,244.2051
2015-10-11,247.5392
2015-10-12,245.5661
2015-10-13,249.4051
2015-10-14,252.6956
2015-10-15,254.6295531
2015-10-16,262.3735
2015-10-19,264.2094
2015-10-20,270.2664
2015-10-21,267.0187
2015-10-22,273.573
2015-10-23,277.3884
2015-10-26,285.5159
2015-10-27,294.8094
2015-10-28,303.6366
2015-10-29,313.9073
2015-10-30,325.8006
2015-11-02,350.7678
2015-11-03,398.2369
2015-11-04,404.3588
2015-11-05,387.473
2015-11-06,372.826
2015-11-09,380.644
2015-11-10,336.873
2015-11-11,305.983
2015-11-12,337.955
2015-11-13,337.372
2015-11-16,331.353
2015-11-17,335.111
2015-11-18,335.447
2015-11-19,325.568
2015-11-20,321.417
2015-11-23,322.829
2015-11-24,319.979
2015-11-25,328.169
2015-11-26,356.245
2015-11-27,359.011
2015-11-30,378.265
2015-12-01,363.45
2015-12-02,358.82
2015-12-03,360.954
2015-12-04,362.767
2015-12-07,394.355
2015-12-08,412.93
2015-12-09,417.368
2015-12-10,416.91
2015-12-11,452.415
2015-12-14,443.277
2015-12-15,464.999
2015-12-16,453.914
2015-12-17,456.473
2015-12-18,463.816
2015-12-21,437.809
2015-12-22,436.237
2015-12-23,442.821
2015-12-24,454.907
2015-12-25,455.742
2015-12-28,420.708
2015-12-29,432.154
2015-12-30,426.811
2015-12-31,431.139
2016-01-01,434.427
2016-01-04,433.534
2016-01-05,432.115
2016-01-06,431.343
2016-01-07,456.434
2016-01-08,454.6963
2016-01-11,448.349
2016-01-12,445.792
2016-01-13,432.12
2016-01-14,429.243
2016-01-15,365.912
2016-01-17,386.356
2016-01-18,385.132
2016-01-19,379.015
2016-01-20,418.848
2016-01-21,407.815
2016-01-22,377.21
2016-01-25,392.326
2016-01-26,392.456
2016-01-27,394.491
2016-01-28,379.552
2016-01-29,378.912
2016-02-01,371.041
2016-02-02,372.868
2016-02-03,368.124
2016-02-04,388.376
2016-02-05,385.733
2016-02-08,371.136
2016-02-09,373.909
2016-02-10,379.829
2016-02-11,377.058
2016-02-12,382.72
2016-02-14,404.144
2016-02-15,399.379
2016-02-16,407.013
2016-02-17,416.85
2016-02-18,421.422
2016-02-19,419.377
2016-02-22,437.803
2016-02-23,420.302
2016-02-24,423.187
2016-02-25,423.142
2016-02-26,427.029
2016-02-29,436.919
2016-03-01,431.371
2016-03-02,424.485
2016-03-03,420.171
2016-03-04,409.408
2016-03-07,413.74
2016-03-08,411.877
2016-03-09,412.319
2016-03-10,416.292
2016-03-11,419.299
2016-03-14,414.585
2016-03-15,415.641
2016-03-16,416.544
2016-03-17,418.4
2016-03-18,408.28
2016-03-21,411.091
2016-03-22,416.36
2016-03-23,418.076
2016-03-24,414.883
2016-03-25,415.743
2016-03-28,422.756
2016-03-29,415.547
2016-03-30,412.597
2016-03-31,415.366
2016-04-01,416.754
2016-04-04,419.437
2016-04-05,422.651
2016-04-06,421.656
2016-04-07,421.076
2016-04-08,418.474
2016-04-11,422.584
2016-04-12,426.181
2016-04-13,424.269
2016-04-14,424.932
2016-04-15,429.966
2016-04-18,428.506
2016-04-19,436.37
2016-04-20,441.916
2016-04-21,451.083
2016-04-22,447.488
2016-04-25,460.466
2016-04-26,467.856
2016-04-27,444.789
2016-04-28,449.381
2016-04-29,456.566
2016-05-02,444.488
2016-05-03,450.3
2016-05-04,447.119
2016-05-05,448.922
2016-05-06,461.62
2016-05-09,461.747
2016-05-10,450.326
2016-05-11,452.179
2016-05-12,454.731
2016-05-13,456.007
2016-05-16,454.893
2016-05-17,452.422
2016-05-18,453.371
2016-05-19,440.539
2016-05-20,441.888
2016-05-23,443.175
2016-05-24,445.769
2016-05-25,449.055
2016-05-26,453.732
2016-05-27,473.864
2016-05-29,524.624
2016-05-30,534.224
2016-05-31,531.407
2016-06-01,539.168
2016-06-02,538.832
2016-06-03,570.445
2016-06-06,585.563
2016-06-07,577.9106943
2016-06-08,583.139
2016-06-09,577.607
2016-06-10,579.2276479
2016-06-13,704.2918522
2016-06-14,685.9321316
2016-06-15,693.227
2016-06-16,765.463
2016-06-17,749.419
2016-06-20,734.1617358
2016-06-21,664.9965294
2016-06-22,591.895
2016-06-23,623.2062564
2016-06-24,661.4166052
2016-06-27,648.3
2016-06-28,646.843
2016-06-29,637.437
2016-06-30,671.616
2016-07-01,677.71
2016-07-03,664.7451003
2016-07-04,678.7005717
2016-07-05,667.530518
2016-07-06,675.919
2016-07-07,638.62
2016-07-08,665.7445063
2016-07-11,649.07
2016-07-12,670.948
2016-07-13,658.15
2016-07-14,659.576
2016-07-15,665.6869915
2016-07-18,674.7874378
2016-07-19,674.557389
2016-07-20,670.8934741
2016-07-21,665.3643845
2016-07-22,651.09
2016-07-25,654.5186383
2016-07-26,651.31
2016-07-27,655.6182633
2016-07-28,655.8904302
2016-07-29,657.3423792
2016-08-01,605.747
2016-08-02,517.1349294
2016-08-03,567.3810616
2016-08-04,576.6037067
2016-08-05,576.0338
2016-08-08,590.7125
2016-08-09,585.3025
2016-08-10,592.2668433
2016-08-11,587.6138
2016-08-12,586.53
2016-08-15,567.7342837
2016-08-16,578.2231511
2016-08-17,571.461915
2016-08-18,572.2684198
2016-08-19,573.4919907
2016-08-22,585.2175
2016-08-23,582.0038
2016-08-24,577.8880532
2016-08-25,576.1163
2016-08-26,578.1038
2016-08-29,572.5102284
2016-08-30,576.08
2016-08-31,571.7582827
2016-09-01,571.59
2016-09-02,573.9625
2016-09-04,608.6888
2016-09-05,606.6438
2016-09-06,610.6838
2016-09-07,614.3264886
2016-09-08,625.4675
2016-09-09,621.9125
2016-09-12,605.8312052
2016-09-13,606.645
2016-09-14,608.425
2016-09-15,605.5838
2016-09-16,606.5533659
2016-09-19,608.6176343
2016-09-20,607.7688126
2016-09-21,595.8402492
2016-09-22,594.9588
2016-09-23,601.8925
2016-09-26,606.0970645
2016-09-27,604.2075
2016-09-28,603.555
2016-09-29,604.6375
2016-09-30,608.2575
2016-10-03,611.9609027
2016-10-04,609.2425
2016-10-05,611.6363
2016-10-06,610.98
2016-10-07,616.2188
2016-10-10,614.3138
2016-10-11,640.7
2016-10-12,635.6163
2016-10-13,634.6223388
2016-10-14,638.18
2016-10-17,637.4825
2016-10-18,635.465
2016-10-19,628.4375
2016-10-20,628.5425
2016-10-21,629.7188
2016-10-24,648.7663
2016-10-25,652.6338
2016-10-26,673.4175
2016-10-27,683.3725
2016-10-28,687.5588
2016-10-31,698.5763
2016-11-01,729.205
2016-11-02,734.1638
2016-11-03,686.0613
2016-11-04,702.11
2016-11-07,706.0925
2016-11-08,708.94
2016-11-09,721.1775
2016-11-10,713.2141433
2016-11-11,715.6425
2016-11-14,705.55
2016-11-15,712.1588998
2016-11-16,740.8993549
2016-11-17,738.48
2016-11-18,748.4263
2016-11-21,736.505
2016-11-22,748.1225
2016-11-23,741.1662465
2016-11-24,736.7486937
2016-11-25,738.2039432
2016-11-28,731.8424614
2016-11-29,731.81
2016-11-30,742.3588
2016-12-01,753.055
2016-12-02,771.1713
2016-12-05,752.24
2016-12-06,758.6925
2016-12-07,763.915
2016-12-08,768.675
2016-12-09,769.8413
2016-12-12,778.4323012
2016-12-13,778.215
2016-12-14,775.8913
2016-12-15,775.5725
2016-12-16,781.3375
2016-12-19,790.1163
2016-12-20,799.7213
2016-12-21,826.6207679
2016-12-22,859.3663
2016-12-23,917.0988
2016-12-26,902.6063
2016-12-27,929.115
2016-12-28,977.14
2016-12-29,971.7213
2016-12-30,960.925
2017-01-02,1019.1988
2017-01-03,1035.5313
2017-01-04,1130.849516
2017-01-05,990.6675
2017-01-06,894.0325
2017-01-09,901.878888
2017-01-10,905.7594627
2017-01-11,784.2775
2017-01-12,799.4275
2017-01-13,824.4988
2017-01-15,821.9125
2017-01-16,828.31
2017-01-17,904.1525
2017-01-18,873.935
2017-01-19,896.89
2017-01-20,891.4588
2017-01-23,918.9075
2017-01-24,885.7888
2017-01-25,893.4738
2017-01-26,915.36
2017-01-27,918.2875
2017-01-30,920.9911459
2017-01-31,968.2663
2017-02-01,986.5728903
2017-02-02,1008.403318
2017-02-03,1015.4425
2017-02-06,1024.511089
2017-02-07,1051.5
2017-02-08,1055.3013
2017-02-09,981.705
2017-02-10,992.1113
2017-02-13,996.1039359
2017-02-14,1010.102162
2017-02-15,1008.8813
2017-02-16,1034.9038
2017-02-17,1056.558091
2017-02-19,1053.5025
2017-02-20,1082.016823
2017-02-21,1125.408815
2017-02-22,1123.305
2017-02-23,1185.654785
2017-02-24,1180.871
2017-02-27,1193.129515
2017-02-28,1190.331
2017-03-01,1227.477149
2017-03-02,1262.081
2017-03-03,1289.540612
2017-03-06,1280.986
2017-03-07,1233.056508
2017-03-08,1149.631
2017-03-09,1191.236722
2017-03-10,1100.01059
2017-03-13,1243.264922
2017-03-14,1246.556739
2017-03-15,1258.457
2017-03-16,1217.314541
2017-03-17,1074.09387
2017-03-20,1036.332012
2017-03-21,1112.701532
2017-03-22,1039.840173
2017-03-23,1029.139414
2017-03-24,940.0206266
2017-03-26,954.47666
2017-03-27,1042.605073
2017-03-28,1044.722
2017-03-29,1038.617198
2017-03-30,1031.492906
2017-03-31,1078.274711
2017-04-02,1098.068
2017-04-03,1139.308275
2017-04-04,1140.49759
2017-04-05,1132.339905
2017-04-06,1194.211
2017-04-07,1189.775124
2017-04-09,1187.699
2017-04-10,1210.515
2017-04-11,1226.618
2017-04-12,1218.299
2017-04-13,1174.209
2017-04-14,1183.687
2017-04-16,1186.31
2017-04-17,1205.143
2017-04-18,1217.58
2017-04-19,1225.721
2017-04-20,1253.904
2017-04-21,1254.9875
2017-04-23,1247.8388
2017-04-24,1249.9563
2017-04-25,1263.045
2017-04-26,1287.32
2017-04-27,1331.3125
2017-04-28,1321.205
2017-04-30,1349.8863
2017-05-01,1408.445
2017-05-02,1442.245
2017-05-03,1485.8175
2017-05-04,1499.36
2017-05-05,1506.0438
2017-05-07,1557.8838
2017-05-08,1633.38
2017-05-09,1700.1775
2017-05-10,1747.3175
2017-05-11,1808.7788
2017-05-12,1700.7725
2017-05-15,1696.13
2017-05-16,1716.315
2017-05-17,1804.4513
2017-05-18,1889.4088
2017-05-19,1972.9013
2017-05-21,2053.8788
2017-05-22,2109.3963
2017-05-23,2292.7025
2017-05-24,2448.1313
2017-05-25,2366.9725
2017-05-26,2262.36
2017-05-28,2219.4875
2017-05-29,2286.2663
2017-05-30,2167.6438
2017-05-31,2329.0775
2017-06-01,2436.0363
2017-06-02,2514.2275
2017-06-04,2556.405
2017-06-05,2721.5525
2017-06-06,2721.5525
2017-06-07,2716.0588
2017-06-08,2716.0588
2017-06-09,2817.0638
2017-06-11,3013.7138
2017-06-12,2701.255
2017-06-13,2736.1888
2017-06-14,2503.401273
2017-06-15,2444.493712
2017-06-16,2513.810348
2017-06-18,2577.219361
2017-06-19,2620.136451
2017-06-20,2777.792656
2017-06-21,2717.003108
2017-06-22,2724.912213
2017-06-23,2737.746231
2017-06-25,2606.863235
2017-06-26,2488.194163
2017-06-27,2531.348999
2017-06-28,2575.43777
2017-06-29,2561.681435
2017-06-30,2490.753488
2017-07-02,2518.545694
2017-07-03,2576.714657
2017-07-04,2610.997575
2017-07-05,2607.219302
2017-07-06,2612.670428
2017-07-07,2509.21821
2017-07-10,2363.515682
2017-07-11,2353.910661
2017-07-12,2387.328912
2017-07-13,2364.321266
2017-07-14,2228.728791
2017-07-17,2181.286081
2017-07-18,2303.889355
2017-07-19,2274.621365
2017-07-20,2766.825119
2017-07-21,2658.074912
2017-07-23,2731.604007
2017-07-24,2751.34707
2017-07-25,2563.747895
2017-07-26,2507.389685
2017-07-27,2649.441201
2017-07-28,2798.829313
2017-07-30,2740.323592
2017-07-31,2871.368015
2017-08-01,2737.763792
2017-08-02,2697.850902
2017-08-03,2777.367994
2017-08-04,2845.897162
2017-08-06,3189.732453
2017-08-07,3356.709738
2017-08-08,3410.45008
2017-08-09,3330.897825
2017-08-10,3367.905387
2017-08-11,3562.587663
2017-08-13,4023.254522
2017-08-14,4175.695291
2017-08-15,4149.308759
2017-08-16,4262.558791
2017-08-17,4286.917435
2017-08-18,4097.685802
2017-08-20,4001.228632
2017-08-21,3935.229933
2017-08-22,4008.416685
2017-08-23,4069.080239
2017-08-24,4167.289177
2017-08-25,4199.892032
2017-08-27,4116.468739
2017-08-28,4216.242773
2017-08-29,4394.063436
2017-08-30,4553.806527
2017-08-31,4702.938163
2017-09-01,4863.193049
2017-09-03,4632.462331
2017-09-04,4317.185188
2017-09-05,4447.875592
2017-09-06,4592.250278
2017-09-07,4584.820275
2017-09-08,4285.207939
2017-09-10,4132.664642
2017-09-11,4164.976212
2017-09-12,4130.956285
2017-09-13,3883.652001
2017-09-14,3100.668155
2017-09-15,3587.943122
2017-09-18,4012.285825
2017-09-19,3898.934732
2017-09-20,3858.020951
2017-09-21,3628.058588
2017-09-22,3622.183039
2017-09-24,3672.30508
2017-09-25,3866.705153
2017-09-26,3852.935205
2017-09-27,4134.212415
2017-09-28,4134.884951
2017-09-29,4130.415246
2017-10-01,4347.578735
2017-10-02,4383.325497
2017-10-03,4319.069212
2017-10-04,4231.464187
2017-10-05,4290.380404
2017-10-06,4347.54724
2017-10-09,4758.72165
2017-10-10,4769.477347
2017-10-11,4807.925895
2017-10-12,5331.619302
2017-10-13,5610.493162
2017-10-15,5684.047104
2017-10-16,5728.932751
2017-10-17,5643.859077
2017-10-18,5592.782224
2017-10-19,5696.380141
2017-10-20,5952.771359
2017-10-22,6003.464019
2017-10-23,5959.983041
2017-10-24,5550.081585
2017-10-25,5704.874807
2017-10-26,5883.053184
2017-10-27,5775.516665
2017-10-29,6123.549771
2017-10-30,6104.388709
2017-10-31,6368.651641
2017-11-01,6714.788987
2017-11-02,7059.793861
2017-11-03,7234.738382
2017-11-06,7103.046081
2017-11-07,7166.741372
2017-11-08,7461.824435
2017-11-09,7186.292775
2017-11-10,6656.839694
2017-11-13,6423.091402
2017-11-14,6652.21678
2017-11-15,7297.668836
2017-11-16,7814.944404
2017-11-17,7783.542465
2017-11-20,8220.509966
2017-11-21,8114.13368
2017-11-22,8257.123895
2017-11-23,8117.664348
2017-11-24,8278.128436
2017-11-27,9831.40293
2017-11-28,10257.06742
2017-11-29,9875.892308
2017-11-30,10406.18772
2017-12-01,10995.72355
2017-12-04,11634.98496
2017-12-05,12174.25374
2017-12-06,13876.47358
2017-12-07,18491.18155
2017-12-08,16908.00495
2017-12-11,17106.50515
2017-12-12,17249.92021
2017-12-13,16525.04449
2017-12-14,16865.36166
2017-12-15,17978.63056
2017-12-18,19188.05396
2017-12-19,18174.18676
2017-12-20,17059.88835
2017-12-21,16355.23823
2017-12-22,14084.82493
2017-12-25,14302.75371
2017-12-26,16616.68206
2017-12-27,16373.08108
2017-12-28,15067.8995
2017-12-29,15096.55944
2017-12-31,14839.59079
2018-01-01,14093.60683
2018-01-02,15321.93285
2018-01-03,15583.88554
2018-01-04,15976.36519
2018-01-05,18336.92298
2018-01-08,15900.36502
2018-01-09,15604.72341
2018-01-10,15509.27013
2018-01-11,14050.56961
2018-01-12,14759.29463
2018-01-14,14476.58897
2018-01-15,14411.99771
2018-01-16,11723.91352
2018-01-17,11415.39284
2018-01-18,11569.42499
2018-01-19,11758.46933
2018-01-22,10991.59501
2018-01-23,10894.00091
2018-01-24,11277.11597
2018-01-25,11225.25446
2018-01-26,11044.90724
2018-01-29,11157.66389
2018-01-30,11095.21069
2018-01-31,9989.689777
2018-02-01,10114.49509
2018-02-02,9070.555449
2018-02-05,8315.517491
2018-02-06,6852.052701
2018-02-07,7711.220329
2018-02-08,7611.610278
2018-02-09,8208.572084
2018-02-12,8168.63778
2018-02-13,8911.398574
2018-02-14,8518.269076
2018-02-15,9428.025607
2018-02-16,10112.58014
2018-02-18,11006.64769
2018-02-19,10523.42931
2018-02-20,11103.09004
2018-02-21,11502.37705
2018-02-22,9973.59212
2018-02-23,10032.86311
2018-02-26,9699.517182
2018-02-27,10355.57813
2018-02-28,10709.38843
2018-03-01,10346.66493
2018-03-02,10859.55219
2018-03-05,11286.67629
2018-03-06,11526.42093
2018-03-07,10727.71625
2018-03-08,9999.682486
2018-03-09,9420.85489
2018-03-12,9512.456113
2018-03-13,9232.70588
2018-03-14,9216.530976
2018-03-15,8307.223386
2018-03-16,8359.365283
2018-03-19,8217.8422
2018-03-20,8640.52143
2018-03-21,8926.820496
2018-03-22,8970.317906
2018-03-23,8736.385769
2018-03-26,8478.638196
2018-03-27,8186.196063
2018-03-28,7836.763044
2018-03-29,7930.779541
2018-03-30,7126.895193
2018-04-02,6836.572327
2018-04-03,7080.417232
2018-04-04,7464.356094
2018-04-05,6845.315978
2018-04-06,6855.422305
2018-04-09,6984.808966
2018-04-10,6778.49157
2018-04-11,6829.316504
2018-04-12,6925.101995
2018-04-13,7836.396994
2018-04-16,8258.067084
2018-04-17,8030.999262
2018-04-18,7873.63551
2018-04-19,8097.418233
2018-04-20,8277.460639
2018-04-23,8769.011999
2018-04-24,8881.391704
2018-04-25,9716.489757
2018-04-26,8825.2025
2018-04-27,9221.868026
2018-04-30,9325.628851
2018-05-01,9198.18951
2018-05-02,9024.387512
2018-05-03,9122.653014
2018-05-04,9551.135184
2018-05-07,9583.871746
2018-05-08,9308.265026
2018-05-09,9149.517833
2018-05-10,9248.960396
2018-05-11,8969.940376
2018-05-14,8683.986203
2018-05-15,8696.974004
2018-05-16,8473.348649
2018-05-17,8343.125222
2018-05-18,8056.053192
2018-05-21,8443.260246
2018-05-22,8354.996336
2018-05-23,8009.299507
2018-05-24,7556.316043
2018-05-25,7563.435465
2018-05-27,7328.871674
2018-05-28,7326.64394
2018-05-29,7111.068925
2018-05-30,7451.230837
2018-05-31,7380.851558
2018-06-01,7460.16695
2018-06-04,7639.879446
2018-06-05,7463.654996
2018-06-06,7569.01134
2018-06-07,7605.578489
2018-06-08,7613.777393
2018-06-11,6767.499485
2018-06-12,6880.133649
2018-06-13,6581.828075
2018-06-14,6334.098906
2018-06-15,6644.72068
2018-06-18,6418.850002
2018-06-19,6677.533403
2018-06-20,6708.68182
2018-06-21,6714.375461
2018-06-22,6690.832152
2018-06-25,6159.707194
2018-06-26,6241.848712
2018-06-27,6069.872606
2018-06-28,6117.03641
2018-06-29,5879.988974
2018-07-02,6312.877243
2018-07-03,6595.547313
2018-07-04,6497.607355
2018-07-05,6562.721737
2018-07-06,6537.740872
2018-07-09,6700.635479
2018-07-10,6648.256796
2018-07-11,6303.380665
2018-07-12,6373.234805
2018-07-13,6230.590197
2018-07-16,6349.695837
2018-07-17,6741.69196
2018-07-18,7303.37306
2018-07-19,7334.771372
2018-07-20,7442.800739
2018-07-23,7395.866405
2018-07-24,7704.995679
2018-07-25,8422.373923
2018-07-26,8144.553482
2018-07-27,7929.079244
2018-07-30,8197.593576
2018-07-31,8185.921138
2018-08-01,7738.249305
2018-08-02,7612.300754
2018-08-03,7540.633151
2018-08-06,7036.609331
2018-08-07,6926.116779
2018-08-08,6711.732422
2018-08-09,6259.52771
2018-08-10,6531.249787
2018-08-13,6318.407222
2018-08-14,6283.996251
2018-08-15,6212.22604
2018-08-16,6267.768709
2018-08-17,6309.385226
2018-08-20,6475.49402
2018-08-21,6242.882438
2018-08-22,6467.27173
2018-08-23,6336.656327
2018-08-24,6521.065718
2018-08-27,6728.288003
2018-08-28,6911.096029
2018-08-29,7075.983405
2018-08-30,7046.748947
2018-08-31,7024.145107
2018-09-02,7211.270768
2018-09-03,7305.272801
2018-09-04,7260.897517
2018-09-05,7359.462993
2018-09-06,6764.926774
2018-09-07,6498.279613
2018-09-10,6260.764806
2018-09-11,6308.135475
2018-09-12,6278.91707
2018-09-13,6330.574238
2018-09-14,6486.46163
2018-09-17,6506.248493
2018-09-18,6250.121727
2018-09-19,6347.069255
2018-09-20,6383.753841
2018-09-21,6491.885242
2018-09-24,6711.029452
2018-09-25,6596.187313
2018-09-26,6441.311545
2018-09-27,6462.795635
2018-09-28,6704.704246
2018-10-01,6626.037956
2018-10-02,6598.84126
2018-10-03,6524.607698
2018-10-04,6499.262379
2018-10-05,6578.701809
2018-10-08,6584.832153
2018-10-09,6653.089451
2018-10-10,6633.74573
2018-10-11,6582.455082
2018-10-12,6234.367641
2018-10-15,6328.55476
2018-10-16,6659.875508
2018-10-17,6635.125668
2018-10-18,6635.741832
2018-10-19,6517.511088
2018-10-22,6529.670021
2018-10-23,6512.589059
2018-10-24,6472.799661
2018-10-25,6481.44359
2018-10-26,6458.191522
2018-10-29,6481.323142
2018-10-30,6292.647924
2018-10-31,6331.781808
2018-11-01,6366.72011
2018-11-02,6379.972972
2018-11-05,6351.061941
2018-11-06,6415.443409
2018-11-07,6474.84729
2018-11-08,6574.80118
2018-11-09,6490.454731
2018-11-12,6434.284597
2018-11-13,6411.353436
2018-11-14,6394.289276
2018-11-15,5788.612494
2018-11-16,5686.541131
2018-11-19,5638.861481
2018-11-20,4889.197859
2018-11-21,4450.711454
2018-11-22,4613.448412
2018-11-23,4307.388732
2018-11-26,4039.836551
2018-11-27,3811.923529
2018-11-28,3832.924516
2018-11-29,4267.243629
2018-11-30,4279.475593
2018-12-03,4124.593549
2018-12-04,3878.839235
2018-12-05,3943.692812
2018-12-06,3751.691966
2018-12-07,3466.763864
2018-12-10,3550.546434
2018-12-11,3433.80844
2018-12-12,3378.808778
2018-12-13,3438.100074
2018-12-14,3294.636157
2018-12-17,3217.046835
2018-12-18,3506.217013
2018-12-19,3655.775046
2018-12-20,3687.750553
2018-12-21,4065.097238
2018-12-24,3941.61774
2018-12-25,4021.990255
2018-12-26,3759.178427
2018-12-27,3781.613082
2018-12-28,3587.70388
2018-12-31,3809.728229
2019-01-01,3692.531566
2019-01-02,3794.264254
2019-01-03,3872.172184
2019-01-04,3776.525808
2019-01-07,4013.520091
2019-01-08,3989.668718
2019-01-09,3973.591255
2019-01-10,3982.225913
2019-01-11,3623.847729
2019-01-14,3495.832311
2019-01-15,3648.048286
2019-01-16,3567.801243
2019-01-17,3597.647323
2019-01-18,3620.981281
2019-01-20,3674.587271
2019-01-21,3539.167531
2019-01-22,3531.004183
2019-01-23,3571.266908
2019-01-24,3555.700003
2019-01-25,3565.642005
2019-01-28,3553.121681
2019-01-29,3432.215668
2019-01-30,3413.375483
2019-01-31,3457.882649
2019-02-01,3431.943638
2019-02-04,3454.025844
2019-02-05,3464.003509
2019-02-06,3469.894677
2019-02-07,3405.836861
2019-02-08,3394.014653
2019-02-11,3675.691629
2019-02-12,3631.44454
2019-02-13,3633.965047
2019-02-14,3610.062273
2019-02-15,3589.66183
2019-02-17,3622.591653
2019-02-18,3665.075531
2019-02-19,3886.5202
2019-02-20,3915.009971
2019-02-21,3976.808907
2019-02-22,3934.813594
2019-02-25,3742.868947
2019-02-26,3824.683504
2019-02-27,3809.209775
2019-02-28,3813.377892
2019-03-01,3815.607608
2019-03-04,3806.954274
2019-03-05,3712.812457
2019-03-06,3852.461666
2019-03-07,3860.510762
2019-03-08,3871.637248
2019-03-11,3923.559789
2019-03-12,3860.35923
2019-03-13,3876.480853
2019-03-14,3865.817783
2019-03-15,3876.698708
2019-03-18,3980.990105
2019-03-19,3986.706894
2019-03-20,4013.576969
2019-03-21,4045.572634
2019-03-22,3983.317781
2019-03-25,3993.3949
2019-03-26,3927.577297
2019-03-27,3938.659743
2019-03-28,4036.160918
2019-03-29,4028.391301
2019-04-01,4103.521739
2019-04-02,4146.321928
2019-04-03,4862.230428
2019-04-04,4955.831824
2019-04-05,4899.021554
2019-04-08,5176.977884
2019-04-09,5266.894776
2019-04-10,5172.175265
2019-04-11,5308.905683
2019-04-12,5047.793162
2019-04-15,5149.314493
2019-04-16,5039.881017
2019-04-17,5213.598377
2019-04-18,5218.95715
2019-04-19,5274.767013
2019-04-22,5311.16484
2019-04-23,5380.93579
2019-04-24,5557.925728
2019-04-25,5452.101753
2019-04-26,5203.088599
2019-04-29,5257.803249
2019-04-30,5199.755009
2019-05-01,5292.803975
2019-05-02,5354.5868
2019-05-03,5450.70662
2019-05-06,5749.32378
2019-05-07,5715.757136
2019-05-08,5841.053771
2019-05-09,5957.856733
2019-05-10,6168.268996
2019-05-13,6953.751389
2019-05-14,7805.981649
2019-05-15,7990.055554
2019-05-16,8192.223139
2019-05-17,7875.9132
2019-05-20,8168.73069
2019-05-21,7976.851713
2019-05-22,7958.365526
2019-05-23,7665.796854
2019-05-24,7861.812792
2019-05-26,8037.627432
2019-05-27,8631.080578
2019-05-28,8816.033915
2019-05-29,8726.97811
2019-05-30,8650.677406
2019-05-31,8310.891063
2019-06-03,8743.705469
2019-06-04,8173.632762
2019-06-05,7683.636261
2019-06-06,7812.448855
2019-06-07,7821.123897
2019-06-10,7668.029628
2019-06-11,8002.729983
2019-06-12,7897.975477
2019-06-13,8145.059098
2019-06-14,8227.625726
2019-06-17,8978.772588
2019-06-18,9312.868295
2019-06-19,9094.021746
2019-06-20,9285.928674
2019-06-21,9548.314565
2019-06-24,10846.1251
2019-06-25,11045.55042
2019-06-26,11808.4199
2019-06-27,12996.12434
2019-06-28,11178.683
2019-07-01,10888.09718
2019-07-02,10639.04629
2019-07-03,10822.76418
2019-07-04,11975.63739
2019-07-05,11229.60562
2019-07-08,11436.43075
2019-07-09,12260.2827
2019-07-10,12544.16726
2019-07-11,12166.39829
2019-07-12,11385.06049
2019-07-15,10285.46111
2019-07-16,10911.34516
2019-07-17,9538.827124
2019-07-18,9657.303101
2019-07-19,10636.15573
2019-07-22,10607.46356
2019-07-23,10343.31814
2019-07-24,9936.380762
2019-07-25,9799.306313
2019-07-26,9878.231933
2019-07-29,9534.755427
2019-07-30,9510.593552
2019-07-31,9568.437452
2019-08-01,10062.99629
2019-08-02,10361.312
2019-08-05,10951.59383
2019-08-06,11818.52553
2019-08-07,11510.16415
2019-08-08,11970.65756
2019-08-09,12024.33157
2019-08-12,11549.99835
2019-08-13,11381.24136
2019-08-14,10903.65499
2019-08-15,10016.21739
2019-08-16,10295.87714
2019-08-19,10309.87244
2019-08-20,10895.97184
2019-08-21,10743.78931
2019-08-22,10124.05821
2019-08-23,10127.78986
2019-08-26,10090.06158
2019-08-27,10334.91185
2019-08-28,10167.88939
2019-08-29,9753.487049
2019-08-30,9485.141424
2019-09-01,9607.289264
2019-09-02,9729.266232
2019-09-03,10323.02266
2019-09-04,10620.16519
2019-09-05,10573.51518
2019-09-06,10570.24994
2019-09-09,10404.3339
2019-09-10,10321.93161
2019-09-11,10121.1023
2019-09-12,10150.71002
2019-09-13,10401.31992
2019-09-16,10305.67502
2019-09-17,10268.4217
2019-09-18,10203.07105
2019-09-19,10158.85452
2019-09-20,10253.23237
2019-09-23,10041.3042
2019-09-24,9699.504938
2019-09-25,8702.713528
2019-09-26,8446.244116
2019-09-27,8098.80982
2019-09-30,8064.380983
2019-10-01,8271.290855
2019-10-02,8366.503906
2019-10-03,8350.132163
2019-10-04,8176.354679
2019-10-07,7890.23435
2019-10-08,8182.251593
2019-10-09,8180.69113
2019-10-10,8573.060086
2019-10-11,8561.519329
2019-10-14,8289.497237
2019-10-15,8347.35035
2019-10-16,8175.863112
2019-10-17,8010.30218
2019-10-18,8079.931459
2019-10-21,8208.362622
2019-10-22,8220.918531
2019-10-23,8045.294247
2019-10-24,7468.532532
2019-10-25,7433.915346
2019-10-28,9502.020114
2019-10-29,9239.897284
2019-10-30,9407.163351
2019-10-31,9171.874474
2019-11-01,9151.824594
2019-11-04,9204.28635
2019-11-05,9378.953914
2019-11-06,9300.373963
2019-11-07,9340.048652
2019-11-08,9221.073785
2019-11-11,9043.673292
2019-11-12,8729.917418
2019-11-13,8806.751999
2019-11-14,8770.780825
2019-11-15,8652.025288
2019-11-18,8508.499434
2019-11-19,8202.834446
2019-11-20,8138.831605
2019-11-21,8095.865638
2019-11-22,7632.494765
2019-11-25,6935.738627
2019-11-26,7118.264883
2019-11-27,7157.684731
2019-11-28,7483.754192
2019-11-29,7438.621769
2019-12-02,7405.808479
2019-12-03,7308.982444
2019-12-04,7286.080952
2019-12-05,7209.971417
2019-12-06,7373.782499
2019-12-09,7508.315669
2019-12-10,7347.036951
2019-12-11,7233.950487
2019-12-12,7197.426826
2019-12-13,7200.707018
2019-12-16,7108.563022
2019-12-17,6901.036915
2019-12-18,6627.162515
2019-12-19,7274.768504
2019-12-20,7152.558692
2019-12-23,7488.196175
2019-12-24,7335.207616
2019-12-25,7266.608197
2019-12-26,7204.184876
2019-12-27,7208.489308
2019-12-30,7394.029286
2019-12-31,7240.428912
2020-01-01,7195.153895
2020-01-02,7193.754668
2020-01-03,6963.853354
2020-01-06,7349.972248
2020-01-07,7734.675516
2020-01-08,8147.415238
2020-01-09,8045.789125
2020-01-10,7832.795644
2020-01-13,8171.401185
2020-01-14,8110.647965
2020-01-15,8801.871213
2020-01-16,8820.850106
2020-01-17,8720.919501
2020-01-19,8906.902675
2020-01-20,8690.38057
2020-01-21,8631.253954
2020-01-22,8724.818623
2020-01-23,8665.436914
2020-01-24,8415.956027
2020-01-27,8595.728298
2020-01-28,8879.335549
2020-01-29,9320.805854
2020-01-30,9276.893821
2020-01-31,9509.805136
2020-02-03,9338.416632
2020-02-04,9308.912702
2020-02-05,9179.959281
2020-02-06,9592.183874
2020-02-07,9744.636578
2020-02-10,10148.37972
2020-02-11,9890.121224
2020-02-12,10226.92577
2020-02-13,10328.89757
2020-02-14,10221.26031
2020-02-16,9894.136124
2020-02-17,9943.673603
2020-02-18,9723.605026
2020-02-19,10133.81742
2020-02-20,9618.409248
2020-02-21,9608.169181
2020-02-24,9946.716123
2020-02-25,9670.960806
2020-02-26,9345.342702
2020-02-27,8801.657129
2020-02-28,8781.175282
2020-03-02,8567.802249
2020-03-03,8905.876104
2020-03-04,8756.718577
2020-03-05,8758.646993
2020-03-06,9038.870323
2020-03-09,8041.365538
2020-03-10,7921.332007
2020-03-11,7906.731529
2020-03-12,7935.52204
2020-03-13,5142.990459
2020-03-16,5397.933357
2020-03-17,5032.501351
2020-03-18,5389.415775
2020-03-19,5376.280748
2020-03-20,6170.2006
2020-03-23,5859.64743
2020-03-24,6456.347486
2020-03-25,6730.173782
2020-03-26,6695.900618
2020-03-27,6765.562079
2020-03-30,5915.337155
2020-03-31,6403.141236
2020-04-01,6421.705414
2020-04-02,6640.797666
2020-04-03,6807.897018
2020-04-06,6788.048273
2020-04-07,7297.635558
2020-04-08,7196.782202
2020-04-09,7342.291601
2020-04-10,7294.488875
2020-04-13,6913.158787
2020-04-14,6857.538538
2020-04-15,6860.178536
2020-04-16,6629.431738
2020-04-17,7059.926225
2020-04-20,7127.51195
2020-04-21,6856.456278
2020-04-22,6842.038598
2020-04-23,7109.995291
2020-04-24,7382.793144
2020-04-27,7683.867415
2020-04-28,7774.281554
2020-04-29,7758.230255
2020-04-30,8744.430287
2020-05-01,8610.635804
2020-05-04,8888.671913
2020-05-05,8884.407814
2020-05-06,9003.240558
2020-05-07,9144.68704
2020-05-08,9959.166416
2020-05-11,8752.617088
2020-05-12,8604.751591
2020-05-13,8788.466749
2020-05-14,9283.086013
2020-05-15,9796.494527
2020-05-18,9666.327193
2020-05-19,9708.439859
2020-05-20,9760.198937
2020-05-21,9526.507593
2020-05-22,9059.962507
2020-05-24,9170.361064
2020-05-25,8731.848526
2020-05-26,8883.69177
2020-05-27,8839.130663
2020-05-28,9174.118564
2020-05-29,9546.045635
2020-06-01,9466.961781
2020-06-02,10167.93069
2020-06-03,9515.243859
2020-06-04,9645.227869
2020-06-05,9776.202992
2020-06-08,9738.603357
2020-06-09,9773.029513
2020-06-10,9767.005317
2020-06-11,9874.898682
2020-06-12,9325.996856
2020-06-15,9345.960908
2020-06-16,9431.719262
2020-06-17,9524.926617
2020-06-18,9463.361414
2020-06-19,9399.767217
2020-06-22,9298.360829
2020-06-23,9678.683209
2020-06-24,9624.684292
2020-06-25,9288.061774
2020-06-26,9258.667161
2020-06-29,9139.903276
2020-06-30,9185.166541
2020-07-01,9149.721997
2020-07-02,9230.672999
2020-07-03,9094.318072
2020-07-06,9087.407313
2020-07-07,9342.376493
2020-07-08,9253.63098
2020-07-09,9432.172516
2020-07-10,9235.716302
2020-07-13,9297.479636
2020-07-14,9240.76252
2020-07-15,9247.060696
2020-07-16,9203.371435
2020-07-17,9136.483376
2020-07-20,9202.61584
2020-07-21,9163.159655
2020-07-22,9384.379752
2020-07-23,9514.304988
2020-07-24,9589.817719
2020-07-27,9925.751397
2020-07-28,10962.25848
2020-07-29,10904.91653
2020-07-30,11093.61224
2020-07-31,11116.30716
2020-08-03,11066.30624
2020-08-04,11230.90776
2020-08-05,11181.91751
2020-08-06,11719.26352
2020-08-07,11768.12774
2020-08-10,11682.85147
2020-08-11,11862.93801
2020-08-12,11398.67106
2020-08-13,11579.86795
2020-08-14,11817.16404
2020-08-17,11901.77649
2020-08-18,12272.46581
2020-08-19,11949.61097
2020-08-20,11733.27897
2020-08-21,11861.83658
2020-08-24,11647.92812
2020-08-25,11758.82812
2020-08-26,11350.75347
2020-08-27,11465.00256
2020-08-28,11300.39836
2020-08-31,11701.00401
2020-09-01,11672.3241
2020-09-02,11895.22535
2020-09-03,11418.25476
2020-09-04,10197.45982
2020-09-06,10177.78972
2020-09-07,10260.01773
2020-09-08,10359.44522
2020-09-09,10125.01496
2020-09-10,10230.1547
2020-09-11,10342.15939
2020-09-14,10328.86607
2020-09-15,10661.09624
2020-09-16,10787.58021
2020-09-17,10952.24997
2020-09-18,10937.9964
2020-09-21,10923.32667
2020-09-22,10439.52249
2020-09-23,10527.58785
2020-09-24,10223.78411
2020-09-25,10726.53008
2020-09-28,10765.30052
2020-09-29,10672.02854
2020-09-30,10837.51659
2020-10-01,10770.88135
2020-10-02,10627.97606
2020-10-05,10670.70081
2020-10-06,10784.9494
2020-10-07,10605.95779
2020-10-08,10668.01101
2020-10-09,10888.66655
2020-10-12,11377.81488
2020-10-13,11543.18376
2020-10-14,11426.10554
2020-10-15,11435.57244
2020-10-16,11495.585
2020-10-19,11495.89998
2020-10-20,11752.14686
2020-10-21,11908.70892
2020-10-22,12806.43573
2020-10-23,12951.04406
2020-10-26,13021.41084
2020-10-27,13060.79221
2020-10-28,13655.18542
2020-10-29,13282.99935
2020-10-30,13441.8785
2020-11-02,13720.36147
2020-11-03,13558.3618
2020-11-04,13989.97636
2020-11-05,14101.71605
2020-11-06,15553.3317
2020-11-09,15496.31615
2020-11-10,15335.3422
2020-11-11,15278.70966
2020-11-12,15686.90599
2020-11-13,16265.14925
2020-11-16,15984.67378
2020-11-17,16714.40386
2020-11-18,17651.82043
2020-11-19,17829.93496
2020-11-20,17819.75743
2020-11-23,18390.61184
2020-11-24,18360.6933
2020-11-25,19091.52418
2020-11-26,18753.28892
2020-11-27,17138.02951
2020-11-30,18169.95421
2020-12-01,19609.52144
2020-12-02,18857.41737
2020-12-03,19208.39819
2020-12-04,19435.20485
2020-12-07,19325.55412
2020-12-08,19198.80649
2020-12-09,18336.51458
2020-12-10,18564.98646
2020-12-11,18262.05838
2020-12-14,19151.13442
2020-12-15,19259.97047
2020-12-16,19432.36246
2020-12-17,21317.66214
2020-12-18,22805.65581
2020-12-21,23518.31842
2020-12-22,22840.99171
2020-12-23,23794.7933
2020-12-24,23308.12723
2020-12-25,23760.28705
2020-12-28,26423.22879
2020-12-29,27125.38412
2020-12-30,27424.53895
2020-12-31,28837.28853
2021-01-01,29022.4184
2021-01-04,33008.2262
2021-01-05,31515.57597
2021-01-06,34082.20605
2021-01-07,36933.52014
2021-01-08,39547.08408
2021-01-11,38397.89599
2021-01-12,35669.90669
2021-01-13,33938.33588
2021-01-14,37456.00773
2021-01-15,39232.74997
2021-01-17,36254.71308
2021-01-18,35804.26389
2021-01-19,36595.46477
2021-01-20,36104.86386
2021-01-21,35587.4892
2021-01-22,30913.69574
2021-01-25,32273.51735
2021-01-26,32375.32006
2021-01-27,32582.10945
2021-01-28,30445.52587
2021-01-29,33128.34753
2021-02-01,33064.78677
2021-02-02,33405.99036
2021-02-03,35485.98593
2021-02-04,37494.71762
2021-02-05,36816.50808
2021-02-08,38833.34026
2021-02-09,46307.57412
2021-02-10,46569.56483
2021-02-11,44848.69345
2021-02-12,47815.96176
2021-02-14,46941.29209
2021-02-15,48607.87452
2021-02-16,47898.48703
2021-02-17,49238.13691
2021-02-18,52143.67884
2021-02-19,51733.07554
2021-02-22,57669.30353
2021-02-23,54410.85629
2021-02-24,48691.89483
2021-02-25,49849.37871
2021-02-26,46992.66545
2021-03-01,44970.16346
2021-03-02,49787.33996
2021-03-03,48532.23679
2021-03-04,50577.45747
2021-03-05,48727.4512
2021-03-08,51313.09262
2021-03-09,52328.53591
2021-03-10,54700.27344
2021-03-11,56020.48772
2021-03-12,57788.8681
2021-03-15,59428.96757
2021-03-16,55805.32925
2021-03-17,56830.25334
2021-03-18,59014.92563
2021-03-19,57922.40959
2021-03-22,57573.53934
2021-03-23,54370.13756
2021-03-24,54584.86995
2021-03-25,52526.8666
2021-03-26,51416.9083
2021-03-29,55728.10133
2021-03-30,57634.92869
2021-03-31,58668.62834
2021-04-01,58817.37389
2021-04-02,58801.19484
2021-04-05,58228.80262
2021-04-06,58706.81559
2021-04-07,58062.17872
2021-04-08,56134.41739
2021-04-09,58065.64402
2021-04-12,59988.02096
2021-04-13,59911.02059
2021-04-14,63576.67604
2021-04-15,62807.12323
2021-04-16,63179.77245
2021-04-19,56288.94534
2021-04-20,55721.16605
2021-04-21,56294.72856
2021-04-22,54190.07026
2021-04-23,51965.56643
2021-04-26,48981.44139
2021-04-27,53978.80555
2021-04-28,54991.81484
2021-04-29,54810.61385
2021-04-30,53596.70402
2021-05-03,56600.74529
2021-05-04,57200.3003
2021-05-05,53464.37022
2021-05-06,57432.10023
2021-05-07,56507.75944
2021-05-10,58213.92629
2021-05-11,55901.66759
2021-05-12,56928.97236
2021-05-13,50004.76218
2021-05-14,49972.7954
2021-05-17,46585.06414
2021-05-18,43780.8256
2021-05-19,43091.04145
2021-05-20,37287.3914
2021-05-21,40437.7301
2021-05-24,34977.5278
2021-05-25,38642.4423
2021-05-26,38210.80522
2021-05-27,39406.93424
2021-05-28,38642.89555
2021-05-30,34775.07941
2021-05-31,35714.75202
2021-06-01,37340.67927
2021-06-02,36680.0682
2021-06-03,37685.71798
2021-06-04,39151.31618
2021-06-07,35834.47447
2021-06-08,33451.38341
2021-06-09,33557.15068
2021-06-10,37553.64376
2021-06-11,36903.30491
2021-06-14,39147.70568
2021-06-15,40624.51305
2021-06-16,40378.20255
2021-06-17,38321.45466
2021-06-18,38193.61914
2021-06-21,35787.07741
2021-06-22,31711.93547
2021-06-23,32507.73871
2021-06-24,33702.61779
2021-06-25,34675.44911
2021-06-28,34607.29327
2021-06-29,34556.84213
2021-06-30,35968.99367
2021-07-01,35171.4863
2021-07-02,33677.56624
2021-07-04,34729.89078
2021-07-05,35394.21307
2021-07-06,33928.13422
2021-07-07,34149.98981
2021-07-08,33932.25464
2021-07-09,32933.5782
2021-07-12,34299.93802
2021-07-13,33262.65435
2021-07-14,32676.3838
2021-07-15,32878.50187
2021-07-16,31726.03883
2021-07-19,31919.39392
2021-07-20,30928.21191
2021-07-21,29971.90378
2021-07-22,32383.78113
2021-07-23,32409.49977
2021-07-26,35456.12466
2021-07-27,37281.91809
2021-07-28,39076.59377
2021-07-29,40031.19824
2021-07-30,39977.75694
2021-08-02,39914.82976
2021-08-03,39278.76651
2021-08-04,38368.35401
2021-08-05,39751.58458
2021-08-06,40825.38194
2021-08-09,43753.21786
2021-08-10,46311.0019
2021-08-11,45639.51402
2021-08-12,45652.06013
2021-08-13,44495.20979
2021-08-16,47025.00323
2021-08-17,46031.75754
2021-08-18,44534.45485
2021-08-19,45015.46555
2021-08-20,46745.03462
2021-08-23,49250.54487
2021-08-24,49518.57749
2021-08-25,47940.60791
2021-08-26,49002.70377
2021-08-27,47229.07065
2021-08-30,48907.27073
2021-08-31,47124.25422
2021-09-01,47335.4203
2021-09-02,48823.05521
2021-09-03,49338.78465
2021-09-05,50013.02995
2021-09-06,51696.20643
2021-09-07,52739.80017
2021-09-08,46995.16417
2021-09-09,46085.02862
2021-09-10,46518.94119
2021-09-13,46195.2183
2021-09-14,45139.83397
2021-09-15,47135.432
2021-09-16,48186.53276
2021-09-17,47879.47344
2021-09-20,47371.03933
2021-09-21,42932.9466
2021-09-22,40386.62364
2021-09-23,43587.22305
2021-09-24,44980.89821
2021-09-27,43336.86123
2021-09-28,42247.35573
2021-09-29,41010.3752
2021-09-30,41587.66786
2021-10-01,43859.32615
2021-10-04,48282.97114
2021-10-05,49260.23232
2021-10-06,51668.99422
2021-10-07,55415.00574
2021-10-08,53894.59599
2021-10-11,54711.8696
2021-10-12,57572.51086
2021-10-13,56335.03546
2021-10-14,57487.98588
2021-10-15,57452.43179
2021-10-18,61583.77444
2021-10-19,62017.97273
2021-10-20,64517.64856
2021-10-21,66237.51755
2021-10-22,62541.08693
2021-10-25,61173.16639
2021-10-26,63228.21383
2021-10-27,60604.18889
2021-10-28,58641.00147
2021-10-29,60767.55585
2021-11-01,61471.86846
2021-11-02,61121.8312
2021-11-03,63247.20896
2021-11-04,63130.94235
2021-11-05,61601.74357
2021-11-08,63153.23019
2021-11-09,67617.01554
2021-11-10,67145.37494
2021-11-11,65061.05441
2021-11-12,65005.64516
2021-11-15,65648.97779
2021-11-16,63933.83544
2021-11-17,60448.56251
2021-11-18,60603.65587
2021-11-19,56987.32234
2021-11-22,59139.77928
2021-11-23,56386.85685
2021-11-24,57748.79317
2021-11-25,57198.18385
2021-11-26,58897.84698
2021-11-29,57237.66114
2021-11-30,57848.77354
2021-12-01,57011.28047
2021-12-02,57169.37199
2021-12-03,56508.26805
2021-12-06,49268.46989
2021-12-07,50461.57684
2021-12-08,50647.66341
2021-12-09,50530.45806
2021-12-10,47885.87199
2021-12-13,50051.07835
2021-12-14,46696.3047
2021-12-15,48410.56466
2021-12-16,48936.86258
2021-12-17,47694.5305
2021-12-20,46807.04862
2021-12-21,47117.0082
2021-12-22,49145.21726
2021-12-23,48755.89564
2021-12-24,50900.61495
2021-12-27,50852.86026
2021-12-28,50774.06781
2021-12-29,47725.14805
2021-12-30,46506.99465
2021-12-31,47191.86839
2022-01-03,47387.21217
2022-01-04,46531.14086
2022-01-05,45938.02427
2022-01-06,43647.14751
2022-01-07,43216.45868
2022-01-10,41862.36099
2022-01-11,41869.85906
2022-01-12,42777.21102
2022-01-13,43981.87733
2022-01-14,42608.41001
2022-01-16,43226.65027
2022-01-17,43119.79214
2022-01-18,42298.34112
2022-01-19,42395.45879
2022-01-20,41749.55143
2022-01-21,40707.68241
2022-01-24,36306.40944
2022-01-25,36774.00714
2022-01-26,36988.92851
2022-01-27,36870.44017
2022-01-28,37276.83956
2022-01-31,37983.1515
2022-02-01,38555.53446
2022-02-02,38835.69494
2022-02-03,37000.9825
2022-02-04,37101.35159
2022-02-07,42475.54322
2022-02-08,43910.92999
2022-02-09,44184.44751
2022-02-10,44383.88806
2022-02-11,43628.13953
2022-02-14,42247.83595
2022-02-15,42634.57378
2022-02-16,44574.32057
2022-02-17,44063.28198
2022-02-18,40562.98695
2022-02-20,40192.75912
2022-02-21,38514.00854
2022-02-22,37059.9794
2022-02-23,38337.20386
2022-02-24,37372.29268
2022-02-25,38363.34549
2022-02-28,37803.59016
2022-03-01,43225.40468
2022-03-02,44459.59163
2022-03-03,43980.70738
2022-03-04,42491.97839
2022-03-07,38442.99175
2022-03-08,38076.49382
2022-03-09,38732.93701
2022-03-10,41986.03445
2022-03-11,39468.35477
2022-03-14,37852.52514
2022-03-15,39669.42381
2022-03-16,39331.84654
2022-03-17,41165.63506
2022-03-18,41001.70958
2022-03-21,41283.259
2022-03-22,41061.81589
2022-03-23,42401.8956
2022-03-24,42802.15471
2022-03-25,43936.09623
2022-03-28,46715.11762
2022-03-29,46994.87912
2022-03-30,47459.26124
2022-03-31,47063.36585
2022-04-01,45528.40715
2022-04-04,46434.56298
2022-04-05,46622.63571
2022-04-06,45635.45438
2022-04-07,43198.77527
2022-04-08,43515.15032
2022-04-11,42274.90737
2022-04-12,39603.96516
2022-04-13,40205.67794
2022-04-14,41205.16872
2022-04-15,39959.45707
2022-04-18,39739.11926
2022-04-19,40833.53797
2022-04-20,41498.12245
2022-04-21,41397.22048
2022-04-22,40528.54149
2022-04-25,39469.04986
2022-04-26,40488.87792
2022-04-27,38134.21545
2022-04-28,39237.94932
2022-04-29,39741.76665
2022-05-02,38537.65477
2022-05-03,38561.5654
2022-05-04,37758.49611
2022-05-05,39699.02404
2022-05-06,36612.22955
2022-05-09,34070.3122
2022-05-10,30269.58696
2022-05-11,31026.93387
2022-05-12,28913.48836
2022-05-13,29126.11598
2022-05-16,31319.30911
2022-05-17,29923.60699
2022-05-18,30502.19328
2022-05-19,28772.2005
2022-05-20,30382.40624
2022-05-23,30351.05042
2022-05-24,29163.16778
2022-05-25,29655.02613
2022-05-26,29584.94985
2022-05-27,29346.78144
2022-05-29,29088.23645
2022-05-30,29492.50321
2022-05-31,31740.94073
2022-06-01,31865.74962
2022-06-02,29833.45033
2022-06-03,30481.014
2022-06-06,29917.76405
2022-06-07,31372.58476
2022-06-08,31265.46928
2022-06-09,30229.23684
2022-06-10,30101.18752
2022-06-13,26767.26917
2022-06-14,22525.76835
2022-06-15,22244.84897
2022-06-16,22529.19811
2022-06-17,20408.69049
2022-06-19,19047.41783
2022-06-20,20516.41198
2022-06-21,20636.75891
2022-06-22,20700.92393
2022-06-23,19983.56648
2022-06-24,21100.27053
2022-06-27,21052.8054
2022-06-28,20751.47753
2022-06-29,20282.54248
2022-06-30,20108.52947
2022-07-01,19608.39749
2022-07-03,19268.227
2022-07-04,19310.23322
2022-07-05,20257.01233
2022-07-06,20188.77966
2022-07-07,20566.68722
2022-07-08,21660.59684
2022-07-11,20859.81408
2022-07-12,19998.46784
2022-07-13,19350.73735
2022-07-14,20225.23866
2022-07-15,20574.84059
2022-07-18,20824.36275
2022-07-19,22395.36538
2022-07-20,23366.9077
2022-07-21,23313.29673
2022-07-22,23155.20756
2022-07-25,22613.71921
2022-07-26,21330.29545
2022-07-27,21235.61232
2022-07-28,22908.88426
2022-07-29,23822.0676
2022-08-01,23379.70053
2022-08-02,23333.74924
2022-08-03,23053.84685
2022-08-04,22860.42098
2022-08-05,22678.36363
2022-08-08,23197.60347
2022-08-09,23823.67944
2022-08-10,23203.6807
2022-08-11,23948.82955
2022-08-12,23948.7517
2022-08-15,24312.54142
2022-08-16,24179.01465
2022-08-17,23913.33373
2022-08-18,23359.41884
2022-08-19,23248.38423
2022-08-22,21615.76169
2022-08-23,21387.74711
2022-08-24,21562.45154
2022-08-25,21395.45847
2022-08-26,21618.00902
2022-08-29,19659.24671
2022-08-30,20308.86145
2022-08-31,19805.3507
2022-09-01,20023.55444
2022-09-02,20153.97598
2022-09-04,19814.56425
2022-09-05,19980.01322
2022-09-06,19785.7335
2022-09-07,18859.50009
2022-09-08,19280.62548
2022-09-09,19322.77775
2022-09-12,21739.80438
2022-09-13,22339.6705
2022-09-14,20184.96749
2022-09-15,20255.92298
2022-09-16,19702.16989
2022-09-19,19437.15787
2022-09-20,19570.38671
2022-09-21,18869.92881
2022-09-22,18539.63524
2022-09-23,19464.32266
2022-09-26,18809.41144
2022-09-27,19219.72778
2022-09-28,19116.33116
2022-09-29,19444.78777
2022-09-30,19563.76516
2022-10-03,19065.15384
2022-10-04,19620.56754
2022-10-05,20345.39852
2022-10-06,20161.83061
2022-10-07,19949.05104
2022-10-10,19448.149
2022-10-11,19142.69477
2022-10-12,19058.62804
2022-10-13,19153.03978
2022-10-14,19383.94322
2022-10-17,19272.92185
2022-10-18,19557.89555
2022-10-19,19348.02937
2022-10-20,19134.24266
2022-10-21,19031.15987
2022-10-24,19574.82423
2022-10-25,19316.94062
2022-10-26,20095.15223
2022-10-27,20774.2475
2022-10-28,20278.36623
2022-10-31,20623.8715
2022-11-01,20494.60121
2022-11-02,20489.6462
2022-11-03,20162.9809
2022-11-04,20210.91242
2022-11-07,20906.99793
2022-11-08,20597.75502
2022-11-09,18562.35322
2022-11-10,15742.44434
2022-11-11,17594.9235
2022-11-14,16344.34232
2022-11-15,16645.8285
2022-11-16,16890.52938
2022-11-17,16689.39673
2022-11-18,16718.36123
2022-11-21,16304.07686
2022-11-22,15814.33528
2022-11-23,16171.62898
2022-11-24,16608.00999
2022-11-25,16596.03576
2022-11-28,16459.14954
2022-11-29,16222.21073
2022-11-30,16441.97998
2022-12-01,17186.50257
2022-12-02,16972.73406
2022-12-05,17149.93175
2022-12-06,16973.37258
2022-12-07,17085.64314
2022-12-08,16851.30347
2022-12-09,17235.01416
2022-12-12,17101.03802
2022-12-13,17179.59604
2022-12-14,17784.16289
2022-12-15,17808.71617
2022-12-16,17338.35813
2022-12-19,16742.81666
2022-12-20,16422.56227
2022-12-21,16899.33197
2022-12-22,16816.8537
2022-12-23,16824.79016
2022-12-25,16848.56871
2022-12-26,16842.17704
2022-12-27,16900.08187
2022-12-28,16701.84021
2022-12-29,16538.90609
2022-12-30,16644.37909
2023-01-01,16540.69362
2023-01-02,16615.96932
2023-01-03,16674.34254
2023-01-04,16677.64619
2023-01-05,16855.17474
2023-01-06,16832.09899
2023-01-09,17074.6154
2023-01-10,17194.90933
2023-01-11,17436.90233
2023-01-12,17996.83255
2023-01-13,18866.81033
2023-01-15,21019.20661
2023-01-16,20853.23057
2023-01-17,21175.33774
2023-01-18,21156.78393
2023-01-19,20726.84497
2023-01-20,21081.67102
2023-01-23,22736.66143
2023-01-24,22984.87498
2023-01-25,22610.0106
2023-01-26,23180.4227
2023-01-27,23024.74618
2023-01-30,23797.46089
2023-01-31,22840.38586
2023-02-01,23137.32355
2023-02-02,23725.1618
2023-02-03,23539.67677
2023-02-06,22946.28658
2023-02-07,22786.48301
2023-02-08,23294.91365
2023-02-09,22947.50783
2023-02-10,21820.88651
2023-02-13,21779.8744
2023-02-14,21807.83427
2023-02-15,22220.071
2023-02-16,24307.8751
2023-02-17,23756.90728
2023-02-19,24642.79087
2023-02-20,24284.478
2023-02-21,24786.66594
2023-02-22,24417.38704
2023-02-23,24146.10136
2023-02-24,23951.11098
2023-02-27,23541.11585
2023-02-28,23518.12391
2023-03-01,23155.54375
2023-03-02,23634.33349
2023-03-03,23464.33654
2023-03-06,22421.88581
2023-03-07,22415.11366
2023-03-08,22217.20988
2023-03-09,21712.65119
2023-03-10,20376.32001
2023-03-13,22095.7134
2023-03-14,24178.95533
2023-03-15,24758.76509
2023-03-16,24470.88205
2023-03-17,25161.27202
2023-03-20,28186.84265
2023-03-21,27929.16773
2023-03-22,28264.23961
2023-03-23,27449.25483
2023-03-24,28459.73511
2023-03-27,28048.46998
2023-03-28,27182.29956
2023-03-29,27291.35002
2023-03-30,28394.99778
2023-03-31,28041.12308
2023-04-03,28236.50874
2023-04-04,27815.42653
2023-04-05,28175.33033
2023-04-06,28197.20034
2023-04-07,28042.98339
2023-04-10,28351.23699
2023-04-11,29657.97414
2023-04-12,30260.93611
2023-04-13,29904.13869
2023-04-14,30405.02731
2023-04-17,30304.80751
2023-04-18,29467.45983
2023-04-19,30365.90417
2023-04-20,28833.2175
2023-04-21,28255.57825
2023-04-24,27606.57835
2023-04-25,27511.63568
2023-04-26,28351.21825
2023-04-27,28352.19132
2023-04-28,29483.5217
2023-05-01,29362.05621
2023-05-02,28125.50116
2023-05-03,28654.39013
2023-05-04,28988.321
2023-05-05,28846.46146
2023-05-08,28611.4392
2023-05-09,27696.76079
2023-05-10,27607.39168
2023-05-11,27639.73357
2023-05-12,27024.76573
2023-05-15,26911.80527
2023-05-16,27227.79342
2023-05-17,27022.71317
2023-05-18,27389.97151
2023-05-19,26842.95249
2023-05-22,26773.83024
2023-05-23,26869.68602
2023-05-24,27222.93775
2023-05-25,26338.94895
2023-05-26,26475.6079
2023-05-28,26848.23994
2023-05-29,28110.31347
2023-05-30,27759.74666
2023-05-31,27713.90855
2023-06-01,27245.47447
2023-06-02,26824.1015
2023-06-05,27315.44759
2023-06-06,25792.61609
2023-06-07,27216.61556
2023-06-08,26346.24455
2023-06-09,26507.90989
2023-06-12,25916.5799
2023-06-13,25910.36274
2023-06-14,25872.20646
2023-06-15,25107.7547
2023-06-16,25564.59963
2023-06-18,26501.04444
2023-06-19,26333.09253
2023-06-20,26779.38746
2023-06-21,28330.89142
2023-06-22,30101.76482
2023-06-23,29935.63211
2023-06-26,30454.75697
2023-06-27,30285.50506
2023-06-28,30693.54636
2023-06-29,30083.47725
2023-06-30,30466.61046
2023-07-03,30571.88707
2023-07-04,31134.71313
2023-07-05,30775.62402
2023-07-06,30484.79377
2023-07-07,29990.05515
2023-07-10,30169.87066
2023-07-11,30394.28115
2023-07-12,30620.81425
2023-07-13,30407.41631
2023-07-14,31446.01497
2023-07-17,30237.33479
2023-07-18,30147.86008
2023-07-19,29848.03227
2023-07-20,29919.87484
2023-07-21,29787.04153
2023-07-24,30057.95672
2023-07-25,29184.90191
2023-07-26,29222.97463
2023-07-27,29363.67291
2023-07-28,29200.244
2023-07-31,29277.75581
2023-08-01,29233.13637
2023-08-02,29537.10975
2023-08-03,29146.63627
2023-08-04,29176.1506
2023-08-07,29044.20438
2023-08-08,29178.14775
2023-08-09,29779.56167
2023-08-10,29585.48808
2023-08-11,29423.81892
2023-08-14,29284.96971
2023-08-15,29400.5868
2023-08-16,29170.4904
2023-08-17,28754.19702
2023-08-18,26501.58727
2023-08-21,26160.70042
2023-08-22,26119.00596
2023-08-23,26033.67541
2023-08-24,26450.00862
2023-08-25,26134.93425
2023-08-28,26082.71718
2023-08-29,26109.26982
2023-08-30,27730.50374
2023-08-31,27297.26144
2023-09-01,25927.41701
2023-09-03,25853.65684
2023-09-04,25959.59631
2023-09-05,25829.36477
2023-09-06,25784.41352
2023-09-07,25752.95842
2023-09-08,26192.33343
2023-09-11,25834.5801
2023-09-12,25133.30311
2023-09-13,25866.80666
2023-09-14,26223.43608
2023-09-15,26531.39557
2023-09-18,26520.98825
2023-09-19,26741.46111
2023-09-20,27219.29687
2023-09-21,27115.84645
2023-09-22,26561.13345
2023-09-25,26249.5629
2023-09-26,26298.63468
2023-09-27,26204.75759
2023-09-28,26350.1469
2023-09-29,27009.01375
2023-10-02,27967.51058
2023-10-03,27615.06489
2023-10-04,27439.12195
2023-10-05,27792.11128
2023-10-06,27435.87462
2023-10-09,27948.10365
2023-10-10,27593.78253
2023-10-11,27392.2477
2023-10-12,26842.19044
2023-10-13,26729.13721
2023-10-16,27150.297
2023-10-17,28513.30993
2023-10-18,28417.72175
2023-10-19,28328.2452
2023-10-20,28715.74814
2023-10-23,30019.3805
2023-10-24,32953.26276
2023-10-25,33846.72426
2023-10-26,34471.98603
2023-10-27,34174.45155
2023-10-30,34556.24281
2023-10-31,34498.70392
2023-11-01,34672.28928
2023-11-02,35457.45491
2023-11-03,34924.05545
2023-11-06,35061.92875
2023-11-07,35031.26888
2023-11-08,35436.53763
2023-11-09,35795.08063
2023-11-10,36768.42082
2023-11-13,37067.69698
2023-11-14,36549.16205
2023-11-15,35545.20143
2023-11-16,37903.66245
2023-11-17,36201.51611
2023-11-20,37413.99461
2023-11-21,37489.29847
2023-11-22,35965.36036
2023-11-23,37464.83293
2023-11-24,37293.31613
2023-11-27,37491.83819
2023-11-28,37250.16905
2023-11-29,37802.23604
2023-11-30,37810.34642
2023-12-01,37711.81838
2023-12-04,39960.27542
2023-12-05,41974.33177
2023-12-06,44105.94477
2023-12-07,43788.28881
2023-12-08,43270.11956
2023-12-11,43757.95994
2023-12-12,41200.96273
2023-12-13,41450.81939
2023-12-14,42931.76183
2023-12-15,43009.59546
2023-12-18,41410.81963
2023-12-19,42684.18255
2023-12-20,42250.20618
2023-12-21,43634.12417
2023-12-22,43849.6996
2023-12-24,43752.03088
2023-12-25,43034.97106
2023-12-26,43638.2363
2023-12-27,42516.42694
2023-12-28,43418.46778
2023-12-29,42600.65063
2023-12-31,42220.6114
2024-01-01,42208.20218
2024-01-02,44168.68119
2024-01-03,44994.67389
2024-01-04,42821.55899
2024-01-05,44195.57856
2024-01-08,43883.74388
2024-01-09,46936.18556
2024-01-10,46105.94608
2024-01-11,46632.31315
2024-01-12,46314.35554
2024-01-14,42848.47452
2024-01-15,41800.93282
2024-01-16,42587.33604
2024-01-17,43148.00164
2024-01-18,42713.85919
2024-01-19,41261.3948
2024-01-22,41541.89946
2024-01-23,39504.73006
2024-01-24,39833.45411
2024-01-25,40123.67106
2024-01-26,39938.28644
2024-01-29,42026.57856
2024-01-30,43267.60928
2024-01-31,42892.03453
2024-02-01,42583.26355
2024-02-02,43069.04342
2024-02-05,42599.35997
2024-02-06,42648.45692
2024-02-07,43087.78741
2024-02-08,44247.41542
2024-02-09,45338.27119
2024-02-12,48189.88179
2024-02-13,50050.13609
2024-02-14,49732.14537
2024-02-15,51790.1693
2024-02-16,51958.23029
2024-02-18,51684.51749
2024-02-19,52138.48579
2024-02-20,51764.31319
2024-02-21,52286.79373
2024-02-22,51842.75677
2024-02-23,51319.50013
2024-02-26,51751.88405
2024-02-27,54478.19108
2024-02-28,57003.52674
2024-02-29,62558.58202
2024-03-01,61298.21686
2024-03-04,63053.10544
2024-03-05,68186.64593
2024-03-06,64291.53656
2024-03-07,66145.91928
2024-03-08,66944.87639
2024-03-11,69075.66688
2024-03-12,72130.55301
2024-03-13,71467.1735
2024-03-14,73097.76703
2024-03-15,71420.0318
2024-03-18,68425.41566
2024-03-19,67708.94361
2024-03-20,62132.51738
2024-03-21,67819.05571
2024-03-22,65535.97845
2024-03-25,67310.98327
2024-03-26,69938.9453
2024-03-27,70082.05122
2024-03-28,69435.7504
2024-03-29,70710.19535
2024-04-01,71246.95144
2024-04-02,69785.92504
2024-04-03,65440.41923
2024-04-04,66123.93854
2024-04-05,68542.17715
2024-04-08,69401.97361
2024-04-09,71624.18486
2024-04-10,69158.64381
2024-04-11,70527.88998
2024-04-12,70106.66413
2024-04-15,65752.66005
2024-04-16,63430.57146
2024-04-17,63720.50159
2024-04-18,61328.89799
2024-04-19,63461.5927
2024-04-22,64936.42076
2024-04-23,66841.66685
2024-04-24,66406.95244
2024-04-25,64279.51813
2024-04-26,64486.18336
2024-04-29,63030.43362
2024-04-30,63797.67964
2024-05-01,60749.47209
2024-05-02,58297.57408
2024-05-03,59135.17336
2024-05-06,64010.00865
2024-05-07,63172.4813
2024-05-08,62363.05719
2024-05-09,61215.50401
2024-05-10,63148.59994
2024-05-13,61507.054
2024-05-14,62878.7833
2024-05-15,61569.11301
2024-05-16,66220.51831
2024-05-17,65260.8798
2024-05-20,66252.7126
2024-05-21,71430.297
2024-05-22,70189.83582
2024-05-23,69181.20086
2024-05-24,67906.46534
2024-05-26,69268.44559
2024-05-27,68508.83111
2024-05-28,69367.23872
2024-05-29,68316.63588
2024-05-30,67577.26559
2024-05-31,68372.49288
2024-06-03,67740.0169
2024-06-04,68808.29369
2024-06-05,70600.01117
2024-06-06,71184.59943
2024-06-07,70759.58819
2024-06-10,69654.16074
2024-06-11,69493.17761
2024-06-12,67329.15233
2024-06-13,68224.51968
2024-06-14,66700.31697
2024-06-17,66615.53782
2024-06-18,66460.38898
2024-06-19,65109.31481
2024-06-20,64907.07461
2024-06-21,64844.67442
2024-06-24,63221.35738
2024-06-25,60363.23498
2024-06-26,61770.41387
2024-06-27,60749.89619
2024-06-28,61562.64533
2024-07-01,62734.39384
2024-07-02,62819.82227
2024-07-03,62042.56504
2024-07-04,60244.68076
2024-07-05,57189.17412
2024-07-08,55880.37538
2024-07-09,56665.14073
2024-07-10,57988.30351
2024-07-11,57704.20228
2024-07-12,57388.19248
2024-07-15,60942.32774
2024-07-16,64835.48973
2024-07-17,65162.23625
2024-07-18,64136.31384
2024-07-19,63959.56901
2024-07-22,68088.13996
2024-07-23,67607.7134
2024-07-24,65942.41747
2024-07-25,65403.53513
2024-07-26,65749.96362
2024-07-29,68242.24744
2024-07-30,66770.32092
2024-07-31,66219.05102
2024-08-01,64679.77865
2024-08-02,65357.52961
2024-08-05,58006.20659
2024-08-06,53956.26184
2024-08-07,55959.84107
2024-08-08,55099.95181
2024-08-09,61859.0316
2024-08-12,58804.2345
2024-08-13,59350.07433
2024-08-14,60601.22318
2024-08-15,58739.19382
2024-08-16,57624.11693
2024-08-19,58438.29374
2024-08-20,59574.94581
2024-08-21,59060.1261
2024-08-22,61144.68763
2024-08-23,60387.54062
2024-08-26,64265.81631
2024-08-27,62922.58635
2024-08-28,59526.56088
2024-08-29,59015.29634
2024-08-30,59351.57949
2024-09-01,58960.23659
2024-09-02,57357.71617
2024-09-03,59108.73236
2024-09-04,57504.53859
2024-09-05,57987.84601
2024-09-06,56132.40473
2024-09-09,54792.40756
2024-09-10,57049.11875
2024-09-11,57624.16178
2024-09-12,57381.76445
2024-09-13,58106.95123
2024-09-16,59214.80227
2024-09-17,58211.12323
2024-09-18,60317.03198
2024-09-19,61440.41208
2024-09-20,62966.52932
2024-09-22,63403.40235
2024-09-23,63582.59957
2024-09-24,63327.02654
2024-09-25,64334.14275
2024-09-26,63151.89959
2024-09-27,65130.76884
2024-09-30,65663.68987
2024-10-01,63243.27532
2024-10-02,60872.66854
2024-10-03,60655.55979
2024-10-04,60727.86395
2024-10-07,62811.79973
2024-10-08,62287.39011
2024-10-09,62185.23042
2024-10-10,60597.15046
2024-10-11,60195.18074
2024-10-14,62829.53369
2024-10-15,66049.99493
2024-10-16,66962.21994
2024-10-17,67647.54415
2024-10-18,67328.10527
2024-10-21,68962.82918
2024-10-22,67394.85776
2024-10-23,67351.04794
2024-10-24,66683.96807
2024-10-25,68214.05205
2024-10-28,67938.55413
2024-10-29,69845.30453
2024-10-30,72781.11308
2024-10-31,72342.62171
